,city,country,coord,id,lng,lat,currentDate,currentTemp,currentHumidity,currentClouds,currentWind
0,hithadhoo,mv,"{'lon': 73.083328, 'lat': -0.6000000000000001}",1282256,73.08,-0.6,1523724954,84.89,100,32,5.23
1,barrow,us,"{'lon': -156.788727, 'lat': 71.290581}",5880054,-156.79,71.29,1523721180,-7.61,91,90,6.93
2,saskylakh,ru,"{'lon': 114.083328, 'lat': 71.916672}",2017155,114.08,71.92,1523724955,15.41,84,92,17.09
3,ondjiva,ao,"{'lon': 15.73333, 'lat': -17.066669}",3346821,15.73,-17.07,1523724955,73.19,77,44,3.89
4,arraial do cabo,br,"{'lon': -42.027779, 'lat': -22.96611}",3471451,-42.03,-22.97,1523725200,82.4,78,75,9.17
5,kununurra,au,"{'lon': 128.733337, 'lat': -15.76667}",2068110,128.73,-15.77,1523723400,78.8,88,36,6.35
6,punta arenas,cl,"{'lon': -70.916672, 'lat': -53.150002}",3874787,-70.92,-53.15,1523721600,53.73,66,0,4.7
7,yellowknife,ca,"{'lon': -114.352547, 'lat': 62.456001}",6185377,-114.35,62.46,1523721600,32.0,100,20,8.05
8,bredasdorp,za,"{'lon': 20.04031, 'lat': -34.53215}",1015776,20.04,-34.53,1523721600,66.2,68,20,9.17
9,nhulunbuy,au,"{'lon': 136.766663, 'lat': -12.23333}",2064735,136.77,-12.23,1523723400,78.8,88,0,4.7
10,tasiilaq,gl,"{'lon': -37.636761, 'lat': 65.61451}",3424607,-37.64,65.61,1523721000,32.0,99,90,24.16
11,ushuaia,ar,"{'lon': -68.300003, 'lat': -54.799999}",3833367,-68.3,-54.8,1523721600,49.8,62,0,12.91
12,rikitea,pf,"{'lon': -134.969177, 'lat': -23.120279}",4030556,-134.97,-23.12,1523724960,79.4,100,92,16.98
13,cape town,za,"{'lon': 18.42322, 'lat': -33.925838}",3369157,18.42,-33.93,1523721600,64.4,68,20,24.16
14,hami,cn,"{'lon': 93.449997, 'lat': 42.799999}",1529484,93.45,42.8,1523724961,40.61,42,0,2.21
15,mastic beach,us,"{'lon': -72.852051, 'lat': 40.766769}",5126209,-72.85,40.77,1523722500,62.62,72,1,8.05
16,vaitupu,wf,"{'lon': -176.1917035, 'lat': -13.2308863}",0,-176.19,-13.23,1523724962,80.84,100,68,17.38
17,port alfred,za,"{'lon': 26.891041, 'lat': -33.590569}",964432,26.89,-33.59,1523724962,70.13,90,88,8.03
18,barentsburg,sj,"{'lon': 14.2334597, 'lat': 78.0648475}",0,14.23,78.06,1523722800,30.2,63,75,17.22
19,hermanus,za,"{'lon': 19.234461, 'lat': -34.418701}",3366880,19.23,-34.42,1523724963,62.75,74,0,6.08
20,atuona,pf,"{'lon': -139.033325, 'lat': -9.8}",4020109,-139.03,-9.8,1523724964,81.65,100,92,20.33
21,busselton,au,"{'lon': 115.370796, 'lat': -33.684769}",7839477,115.37,-33.68,1523724964,58.34,100,0,8.43
23,carnarvon,au,"{'lon': 113.633331, 'lat': -24.866671}",2074865,113.63,-24.87,1523724965,76.34,88,20,16.2
24,wagar,sd,"{'lon': 36.203201, 'lat': 16.1525}",364027,36.2,16.15,1523724966,86.15,11,0,16.82
25,lompoc,us,"{'lon': -120.457939, 'lat': 34.639149}",5367788,-120.46,34.64,1523723700,60.28,51,1,3.85
27,ponta do sol,cv,"{'lon': -25.091921, 'lat': 17.199421}",3374346,-25.09,17.2,1523724967,69.68,100,24,19.17
28,jamestown,sh,"{'lon': -5.71675, 'lat': -15.93872}",3370903,-5.72,-15.94,1523724711,75.17,100,68,15.82
29,isangel,vu,"{'lon': 169.266663, 'lat': -19.549999}",2136825,169.27,-19.55,1523724968,79.22,100,92,17.6
30,dikson,ru,"{'lon': 80.546387, 'lat': 73.506943}",1507390,80.55,73.51,1523724969,10.82,84,44,4.0
31,mikkeli,fi,"{'lon': 27.25, 'lat': 61.666672}",646006,27.25,61.67,1523722800,53.6,32,0,3.36
34,caravelas,br,"{'lon': -39.248138, 'lat': -17.712549}",3466980,-39.25,-17.71,1523724970,79.58,100,36,10.83
35,pisco,pe,"{'lon': -76.216667, 'lat': -13.7}",3932145,-76.22,-13.7,1523721600,71.6,83,0,8.05
36,kumbhraj,in,"{'lon': 77.050003, 'lat': 24.366671}",1265670,77.05,24.37,1523724971,68.6,80,88,4.74
37,gao,ml,"{'lon': -0.04472, 'lat': 16.271669}",2457163,-0.04,16.27,1523724972,95.24,15,0,8.25
38,seymchan,ru,"{'lon': 152.433334, 'lat': 62.883331}",2121373,152.43,62.88,1523724972,-0.44,63,48,2.39
39,hilo,us,"{'lon': -155.089996, 'lat': 19.729719}",5855927,-155.09,19.73,1523723580,66.2,100,90,6.93
40,east london,za,"{'lon': 27.911619, 'lat': -33.015289}",1006984,27.91,-33.02,1523721600,68.0,88,75,2.24
41,nikolskoye,ru,"{'lon': 166.0015368, 'lat': 55.1981604}",0,166.0,55.2,1523724973,32.51,100,92,31.52
42,yarega,ru,"{'lon': 53.5765, 'lat': 63.435429}",468991,53.58,63.44,1523724974,36.92,71,68,10.11
43,turangi,nz,"{'lon': 175.933334, 'lat': -39}",2180737,175.93,-39.0,1523724974,46.19,100,92,3.0
44,talara,pe,"{'lon': -81.271942, 'lat': -4.5772200000000005}",3691582,-81.27,-4.58,1523721600,87.8,48,0,8.05
45,sinnamary,gf,"{'lon': -52.958599, 'lat': 5.3775}",6690707,-52.96,5.38,1523724975,78.77,100,64,10.33
47,san luis,ar,"{'lon': -66.335632, 'lat': -33.29501}",3837056,-66.34,-33.3,1523724976,75.44,41,0,11.56
48,ngorongoro,tz,"{'lon': 35.487469, 'lat': -3.23973}",151610,35.49,-3.24,1523724976,61.67,88,64,2.28
49,zhigansk,ru,"{'lon': 123.371109, 'lat': 66.769722}",2012530,123.37,66.77,1523724977,29.45,85,76,10.16
50,bull savanna,jm,"{'lon': -77.590218, 'lat': 17.88678}",3491161,-77.59,17.89,1523724977,83.18,56,44,10.33
51,cerrito,py,"{'lon': -57.666672, 'lat': -27.316669}",3439133,-57.67,-27.32,1523724978,81.47,80,0,11.45
52,ancud,cl,"{'lon': -73.820282, 'lat': -41.86972}",3899695,-73.82,-41.87,1523724979,58.25,79,64,7.87
53,dingle,ie,"{'lon': -10.26889, 'lat': 52.140831}",2964782,-10.27,52.14,1523724979,50.78,86,92,26.71
54,vaini,to,"{'lon': -175.199997, 'lat': -21.200001}",4032243,-175.2,-21.2,1523721600,73.4,69,40,20.4
55,vardo,no,"{'lon': 31.10866, 'lat': 70.370399}",6453313,31.11,70.37,1523724980,34.94,100,44,14.41
57,samusu,ws,"{'lon': -171.4299586, 'lat': -14.0056774}",0,-171.43,-14.01,1523721600,77.0,94,75,10.6
58,jining,cn,"{'lon': 116.58139, 'lat': 35.404999}",1805518,116.58,35.41,1523724981,43.67,55,0,7.92
60,sorland,no,"{'lon': 12.69343, 'lat': 67.666962}",3137469,12.69,67.67,1523724829,40.88,99,68,6.58
61,wufeng,cn,"{'lon': 104.833328, 'lat': 27.450001}",1784592,104.83,27.45,1523724982,42.23,89,92,3.06
64,dickson,us,"{'lon': -96.984459, 'lat': 34.187321}",4535089,-96.98,34.19,1523722500,46.71,33,40,10.29
66,pilao arcado,br,"{'lon': -42.4940104, 'lat': -10.0055868}",0,-42.49,-10.01,1523724983,86.06,65,8,8.81
67,praia,cv,"{'lon': -23.50868, 'lat': 14.92148}",3374333,-23.51,14.92,1523721600,77.0,53,20,25.28
68,asfi,ma,"{'lon': -9.2272033, 'lat': 32.3008151}",0,-9.23,32.3,1523724984,60.59,87,64,8.88
69,polunochnoye,ru,"{'lon': 60.415279, 'lat': 60.86972}",1494482,60.42,60.87,1523724984,40.79,69,92,15.37
70,brae,gb,"{'lon': -1.35296, 'lat': 60.396351}",2654970,-1.35,60.4,1523722800,46.15,87,92,4.7
71,puerto ayora,ec,"{'lon': -90.351761, 'lat': -0.73931}",3652764,-90.35,-0.74,1523721600,77.0,78,75,12.75
72,tumannyy,ru,"{'lon': 90.3269882, 'lat': 54.0873125}",0,90.33,54.09,1523724986,29.18,78,56,7.65
73,albany,au,"{'lon': 118.123451, 'lat': -34.7099}",7839657,118.12,-34.71,1523724987,54.29,96,76,3.74
75,nha trang,vn,"{'lon': 109.183327, 'lat': 12.25}",1572151,109.18,12.25,1523724987,77.51,100,92,0.98
76,edson,ca,"{'lon': -116.435593, 'lat': 53.58345}",5946820,-116.44,53.58,1523721600,41.0,60,1,3.36
77,kavaratti,in,"{'lon': 72.642029, 'lat': 10.56688}",1267390,72.64,10.57,1523724988,86.87,100,0,2.77
78,kuala selangor,my,"{'lon': 101.25, 'lat': 3.35}",1732891,101.25,3.35,1523721600,80.6,88,75,1.12
79,nguiu,au,"{'lon': 130.6330634, 'lat': -11.7608881}",0,130.63,-11.76,1523724989,82.19,100,80,10.6
80,grand river south east,mu,"{'lon': 57.78141199999999, 'lat': -20.2888094}",0,57.78,-20.29,1523721600,78.8,74,75,18.34
81,deputatskiy,ru,"{'lon': 139.899994, 'lat': 69.300003}",2028164,139.9,69.3,1523724990,-7.01,57,8,2.73
82,nome,us,"{'lon': -165.406387, 'lat': 64.501106}",5870133,-165.41,64.5,1523721180,19.4,92,1,2.33
83,grand gaube,mu,"{'lon': 57.660831, 'lat': -20.00639}",934479,57.66,-20.01,1523721600,78.8,74,75,18.34
84,arlit,ne,"{'lon': 7.38528, 'lat': 18.73694}",2447513,7.39,18.74,1523724992,91.37,16,0,7.58
85,ponta delgada,pt,"{'lon': -25.66667, 'lat': 37.73333}",3372783,-25.67,37.73,1523723400,60.8,72,20,18.34
87,new norfolk,au,"{'lon': 147.058701, 'lat': -42.782612}",2155415,147.06,-42.78,1523723400,48.2,66,75,18.34
88,rio gallegos,ar,"{'lon': -69.218132, 'lat': -51.622608}",3838859,-69.22,-51.62,1523721600,59.0,41,0,9.17
89,ilulissat,gl,"{'lon': -51.099998, 'lat': 69.216667}",3423146,-51.1,69.22,1523721000,17.6,78,75,10.29
90,komsomolets,kz,"{'lon': 62.070831, 'lat': 53.745281}",1522348,62.07,53.75,1523724994,26.84,78,0,9.1
91,belushya guba,ru,"{'lon': 52.32027799999999, 'lat': 71.54555599999999}",0,52.32,71.55,1523724995,23.33,80,0,23.69
92,saint george,bm,"{'lon': -64.676392, 'lat': 32.384171}",3573062,-64.68,32.38,1523721300,71.6,68,20,11.41
94,makungu,tz,"{'lon': 35.283329, 'lat': -8.73333}",155093,35.28,-8.73,1523724996,66.62,98,92,1.39
95,huarmey,pe,"{'lon': -78.152222, 'lat': -10.06806}",3939168,-78.15,-10.07,1523724996,79.85,49,8,4.56
96,castro,cl,"{'lon': -73.773193, 'lat': -42.472099}",3896218,-73.77,-42.47,1523724997,57.62,79,88,6.87
97,bababe,mr,"{'lon': -13.9463043, 'lat': 16.3460472}",0,-13.95,16.35,1523724998,96.41,12,0,6.31
98,qaanaaq,gl,"{'lon': -69.363213, 'lat': 77.483971}",3831208,-69.36,77.48,1523724998,5.78,100,56,3.51
99,umzimvubu,za,"{'lon': 28.9528645, 'lat': -30.7781755}",0,28.95,-30.78,1523724999,55.64,86,76,1.83
100,nara,ml,"{'lon': 135.812183, 'lat': 34.685515}",0,135.81,34.69,1523722740,68.0,94,90,38.03
101,matadi,cd,"{'lon': 13.45, 'lat': -5.81667}",2313002,13.45,-5.82,1523725000,78.95,90,88,3.4
102,santa cruz de la palma,es,"{'lon': -17.76421, 'lat': 28.68351}",2511180,-17.76,28.68,1523723400,69.8,56,20,11.41
104,gorno-chuyskiy,ru,"{'lon': 111.7274595, 'lat': 57.63204529999999}",0,111.73,57.63,1523725001,31.79,70,36,5.23
105,torbay,ca,"{'lon': -52.73135, 'lat': 47.666592}",6167817,-52.73,47.67,1523721600,39.2,78,75,23.04
106,amderma,ru,"{'lon': 61.6636961, 'lat': 69.751221}",0,61.66,69.75,1523725002,21.35,89,64,14.41
107,khani,ru,"{'lon': 119.965, 'lat': 56.933333}",0,119.97,56.93,1523725002,8.39,57,0,1.83
108,manbij,sy,"{'lon': 37.954948, 'lat': 36.528149}",167357,37.95,36.53,1523722800,64.4,52,0,2.24
109,valparaiso,cl,"{'lon': -71.627251, 'lat': -33.039322}",3868626,-71.63,-33.04,1523721600,60.15,67,0,8.05
110,xiuyan,cn,"{'lon': 123.274437, 'lat': 40.292782}",2033602,123.27,40.29,1523725004,42.77,59,12,15.08
111,pevek,ru,"{'lon': 170.313324, 'lat': 69.700829}",2122090,170.31,69.7,1523725004,6.05,49,0,7.36
112,palabuhanratu,id,"{'lon': 106.5475399, 'lat': -6.9852341}",0,106.55,-6.99,1523725005,73.37,99,76,3.4
113,taolanaro,mg,"{'lon': 46.9853688, 'lat': -25.0225309}",0,46.99,-25.02,1523721600,71.6,83,20,17.22
114,sarakhs,ir,"{'lon': 61.1577, 'lat': 36.544899}",1159716,61.16,36.54,1523721600,60.8,67,40,6.93
115,faya,td,"{'lon': 19.1107114, 'lat': 17.9236623}",0,19.11,17.92,1523725006,85.07,10,0,2.84
116,vila franca do campo,pt,"{'lon': -25.42914, 'lat': 37.73661}",8010690,-25.43,37.74,1523723400,60.8,72,20,18.34
118,sibu,my,"{'lon': 111.816673, 'lat': 2.3}",1735902,111.82,2.3,1523721600,78.8,94,75,1.83
119,airai,pw,"{'lon': 134.5690225, 'lat': 7.396611799999999}",0,134.57,7.4,1523721000,79.72,88,90,8.05
120,saint-jean-de-dieu,ca,"{'lon': -69.0462953, 'lat': 48.0035821}",0,-69.05,48.0,1523725009,21.8,61,8,12.39
121,cabo san lucas,mx,"{'lon': -109.912376, 'lat': 22.890881}",3985710,-109.91,22.89,1523720640,73.56,68,5,5.82
122,te anau,nz,"{'lon': 167.716675, 'lat': -45.416672}",2181625,167.72,-45.42,1523724771,25.76,74,8,3.29
123,sur,om,"{'lon': 59.528889, 'lat': 22.566669}",286245,59.53,22.57,1523725010,80.39,90,20,0.38
124,muros,es,"{'lon': -9.05934, 'lat': 42.775372}",6357322,-9.06,42.78,1523723400,53.6,81,75,12.75
126,kapaa,us,"{'lon': -159.318954, 'lat': 22.075211}",5848280,-159.32,22.08,1523721360,72.41,94,90,17.22
127,hobart,au,"{'lon': 147.329407, 'lat': -42.87936}",2163355,147.33,-42.88,1523723400,48.2,66,75,18.34
129,kloulklubed,pw,"{'lon': 134.255615, 'lat': 7.04192}",7671223,134.26,7.04,1523721000,79.68,83,90,5.82
130,bermeo,es,"{'lon': -2.72487, 'lat': 43.420879}",6362365,-2.72,43.42,1523723400,65.03,60,20,8.05
132,kruisfontein,za,"{'lon': 24.731421, 'lat': -34.00333}",986717,24.73,-34.0,1523725013,66.26,90,0,9.44
133,sibolga,id,"{'lon': 98.779198, 'lat': 1.7427000000000001}",1213855,98.78,1.74,1523725013,70.13,100,64,1.54
134,surt,ly,"{'lon': 16.588659, 'lat': 31.20892}",2210554,16.59,31.21,1523725014,72.11,67,92,6.91
135,thompson,ca,"{'lon': -97.855789, 'lat': 55.7435}",6165406,-97.86,55.74,1523721600,24.8,38,40,12.75
136,illoqqortoormiut,gl,"{'lon': -21.9628757, 'lat': 70.48556909999999}",0,-21.96,70.49,1523725015,25.94,100,92,16.08
137,hasaki,jp,"{'lon': 140.833328, 'lat': 35.73333}",2112802,140.83,35.73,1523721600,59.0,93,75,9.17
138,mala,pe,"{'lon': -76.630829, 'lat': -12.65806}",3935572,-76.63,-12.66,1523725015,68.51,88,56,5.01
139,almeirim,br,"{'lon': -52.581669, 'lat': -1.52333}",3407903,-52.58,-1.52,1523725016,89.75,59,32,3.4
140,chuy,uy,"{'lon': -53.46162, 'lat': -33.697071}",3443061,-53.46,-33.7,1523725017,72.29,78,0,13.18
141,vao,nc,"{'lon': 167.483337, 'lat': -22.66667}",2137773,167.48,-22.67,1523725017,76.61,100,48,15.48
142,bokspits,bw,"{'lon': 25.8643725, 'lat': -24.6605595}",0,25.86,-24.66,1523721600,77.0,50,20,2.24
143,boshnyakovo,ru,"{'lon': 142.166672, 'lat': 49.633331}",2126493,142.17,49.63,1523725018,25.67,88,64,4.79
144,butaritari,ki,"{'lon': 172.797394, 'lat': 3.1616}",7521588,172.8,3.16,1523725019,82.55,100,48,7.76
146,tiarei,pf,"{'lon': -149.333328, 'lat': -17.533331}",4033356,-149.33,-17.53,1523723400,78.8,74,40,10.29
147,manzhouli,cn,"{'lon': 117.433327, 'lat': 49.599998}",2035836,117.43,49.6,1523725020,17.39,64,0,2.84
148,palmer,us,"{'lon': -98.257294, 'lat': 41.22224}",5074769,-98.26,41.22,1523722500,27.52,92,90,25.28
152,sitka,us,"{'lon': -135.330002, 'lat': 57.053059}",5557293,-135.33,57.05,1523721360,38.86,80,40,3.36
153,lagoa,pt,"{'lon': -8.45974, 'lat': 37.105049}",8010517,-8.46,37.1,1523723400,60.8,77,20,18.34
158,nuuk,gl,"{'lon': -51.721569, 'lat': 64.183472}",3421319,-51.72,64.18,1523721000,24.8,79,40,8.05
159,akyab,mm,"{'lon': 92.86768610000001, 'lat': 20.1527657}",0,92.87,20.15,1523725022,79.13,93,32,7.14
160,areosa,pt,"{'lon': -8.8404, 'lat': 41.72731}",8013379,-8.84,41.73,1523723400,57.2,62,40,14.99
162,palmerston,au,"{'lon': 130.977966, 'lat': -12.4962}",7839407,130.98,-12.5,1523723400,80.6,94,0,3.36
164,mys shmidta,ru,"{'lon': -179.4311219, 'lat': 68.884224}",0,-179.43,68.88,1523725023,-4.04,79,32,7.81
165,evinayong,gq,"{'lon': 10.55124, 'lat': 1.43677}",2308994,10.55,1.44,1523725024,74.72,85,68,3.29
166,cascais,pt,"{'lon': -9.47189, 'lat': 38.725269}",8012457,-9.47,38.73,1523723400,60.8,59,20,12.75
169,tukrah,ly,"{'lon': 20.5870955, 'lat': 32.5326308}",0,20.59,32.53,1523725025,80.84,47,0,10.89
170,sakakah,sa,"{'lon': 40.1043057, 'lat': 29.87800309999999}",0,40.1,29.88,1523721600,82.4,14,0,11.41
171,muroto,jp,"{'lon': 134.149994, 'lat': 33.283329}",1856392,134.15,33.28,1523725026,66.71,85,92,33.71
172,kavieng,pg,"{'lon': 150.796692, 'lat': -2.57444}",2094342,150.8,-2.57,1523725026,84.35,100,64,11.39
173,quisqueya,do,"{'lon': -69.408142, 'lat': 18.55542}",3494121,-69.41,18.56,1523721600,82.54,83,75,11.41
174,elliot,za,"{'lon': 27.85, 'lat': -31.33333}",1005781,27.85,-31.33,1523725027,48.44,93,44,2.51
175,maamba,zm,"{'lon': 27.15, 'lat': -17.366671}",908718,27.15,-17.37,1523725028,66.71,83,0,2.62
176,balkanabat,tm,"{'lon': 54.36713, 'lat': 39.51075}",161616,54.37,39.51,1523725028,53.57,88,92,2.33
177,khatanga,ru,"{'lon': 102.5, 'lat': 71.966667}",2022572,102.5,71.97,1523725029,8.75,78,36,10.67
178,saint-philippe,re,"{'lon': 55.76667, 'lat': -21.35}",6690301,55.77,-21.35,1523723400,77.0,65,90,13.87
180,moses lake,us,"{'lon': -119.278084, 'lat': 47.130138}",5803990,-119.28,47.13,1523721180,50.0,61,75,6.93
181,ekibastuz,kz,"{'lon': 75.366669, 'lat': 51.666672}",1524325,75.37,51.67,1523725031,40.34,49,80,5.01
182,yongan,cn,"{'lon': 113.68708, 'lat': 39.695709}",1806687,113.69,39.7,1523725031,25.49,64,0,3.0
186,lukovetskiy,ru,"{'lon': 41.921101, 'lat': 64.295601}",533418,41.92,64.3,1523721600,44.6,48,0,6.71
187,vila velha,br,"{'lon': -40.2925, 'lat': -20.329720000000002}",3445026,-40.29,-20.33,1523721600,84.2,70,20,11.41
188,thinadhoo,mv,"{'lon': 72.933327, 'lat': 0.5333300000000001}",1337610,72.93,0.53,1523725033,84.98,100,12,5.01
189,olsztyn,pl,"{'lon': 20.49416, 'lat': 53.779949}",763166,20.49,53.78,1523725033,56.9,67,12,11.34
191,elk river,us,"{'lon': -93.567177, 'lat': 45.303848}",5025471,-93.57,45.3,1523724540,26.85,86,90,19.46
192,gardner,us,"{'lon': -94.927193, 'lat': 38.810840999999996}",4271935,-94.93,38.81,1523724780,39.22,69,90,19.46
195,esperance,au,"{'lon': 121.900002, 'lat': -33.866669}",2071860,121.9,-33.87,1523725034,59.78,95,80,4.29
196,iqaluit,ca,"{'lon': -68.514488, 'lat': 63.750591}",5983720,-68.51,63.75,1523721600,-2.21,70,5,21.92
197,alotau,pg,"{'lon': 150.4587795, 'lat': -10.3157027}",0,150.46,-10.32,1523725035,82.64,96,24,9.26
198,portales,us,"{'lon': -103.334396, 'lat': 34.186192}",5484874,-103.33,34.19,1523721480,44.6,48,1,17.22
199,nanortalik,gl,"{'lon': -45.237148, 'lat': 60.143169}",3421765,-45.24,60.14,1523725036,27.29,100,0,10.27
200,geraldton,au,"{'lon': 114.599998, 'lat': -28.76667}",2070998,114.6,-28.77,1523723400,55.4,87,20,6.93
201,cam pha,vn,"{'lon': 107.3201023, 'lat': 21.0718937}",0,107.32,21.07,1523725037,73.19,94,92,15.19
202,aklavik,ca,"{'lon': -135.010712, 'lat': 68.219131}",5882953,-135.01,68.22,1523721600,3.2,77,90,11.41
203,aykhal,ru,"{'lon': 111.5, 'lat': 66}",2027296,111.5,66.0,1523725039,38.81,97,88,15.48
204,ribeira grande,pt,"{'lon': -25.468349, 'lat': 37.804588}",8010689,-25.47,37.8,1523723400,60.8,72,20,18.34
206,mahebourg,mu,"{'lon': 57.700001, 'lat': -20.40806}",934322,57.7,-20.41,1523721600,78.8,74,75,18.34
207,tateyama,jp,"{'lon': 139.866669, 'lat': 34.98333}",1850523,139.87,34.98,1523722800,61.92,93,75,6.93
208,cadillac,us,"{'lon': -85.401161, 'lat': 44.251949}",4987617,-85.4,44.25,1523724240,28.76,92,90,27.51
209,tuktoyaktuk,ca,"{'lon': -133.037415, 'lat': 69.45414}",6170031,-133.04,69.45,1523721600,-4.01,76,75,9.17
210,bluff,nz,"{'lon': 168.333328, 'lat': -46.599998}",2206939,168.33,-46.6,1523725041,51.14,100,0,20.33
211,kokstad,za,"{'lon': 29.42412, 'lat': -30.54723}",988356,29.42,-30.55,1523725042,56.45,95,88,1.39
212,viligili,mv,"{'lon': 73.4850467, 'lat': 4.173125}",0,73.49,4.17,1523721600,84.2,74,75,8.05
213,ternate,id,"{'lon': 127.400002, 'lat': 0.8}",1624041,127.4,0.8,1523725043,83.27,100,20,4.07
214,rundu,na,"{'lon': 19.76667, 'lat': -17.933331}",3353383,19.77,-17.93,1523725043,82.01,37,92,7.25
215,havre-saint-pierre,ca,"{'lon': -63.598621, 'lat': 50.23344}",5972291,-63.6,50.23,1523721600,23.0,49,20,19.46
216,itarema,br,"{'lon': -39.91673979999999, 'lat': -2.9209642}",0,-39.92,-2.92,1523725044,79.76,100,56,5.08
217,avarua,ck,"{'lon': -159.774994, 'lat': -21.207781}",4035715,-159.78,-21.21,1523721600,77.0,83,75,13.87
218,tiznit,ma,"{'lon': -9.5, 'lat': 29.58333}",2527087,-9.5,29.58,1523725045,56.72,66,8,8.43
221,san cristobal,ec,"{'lon': -89.617439, 'lat': -0.9045000000000001}",3651949,-89.62,-0.9,1523725046,75.17,100,0,8.59
222,msanga,tz,"{'lon': 36.033329, 'lat': -6.05}",153046,36.03,-6.05,1523725046,70.13,72,36,9.55
223,luwuk,id,"{'lon': 122.787498, 'lat': -0.9516}",1637001,122.79,-0.95,1523725047,79.94,99,92,2.28
224,los llanos de aridane,es,"{'lon': -17.918209, 'lat': 28.65851}",2514651,-17.92,28.66,1523723400,69.8,56,20,11.41
225,faanui,pf,"{'lon': -151.75, 'lat': -16.48333}",4034551,-151.75,-16.48,1523725048,79.76,100,76,14.14
226,shelburne,ca,"{'lon': -80.204079, 'lat': 44.078701}",6145890,-80.2,44.08,1523723880,28.98,86,90,14.99
228,tilichiki,ru,"{'lon': 166.100006, 'lat': 60.466671}",2120591,166.1,60.47,1523725049,11.72,86,0,9.04
229,tyrma,ru,"{'lon': 132.166672, 'lat': 50.083328}",2014694,132.17,50.08,1523725049,27.83,72,56,3.85
230,wattegama,lk,"{'lon': 81.480797, 'lat': 6.7989}",1224061,81.48,6.8,1523725050,78.41,91,56,2.28
231,ubinskoye,ru,"{'lon': 79.680161, 'lat': 55.306751}",1488708,79.68,55.31,1523725050,22.52,86,0,8.03
232,acapulco,mx,"{'lon': -99.8236533, 'lat': 16.8531086}",0,-99.82,16.85,1523721000,86.0,55,5,6.8
233,hvolsvollur,is,"{'lon': -20.22434, 'lat': 63.753311}",3415720,-20.22,63.75,1523725051,45.29,97,92,11.9
234,padang,id,"{'lon': 100.354271, 'lat': -0.9492400000000001}",1633419,100.35,-0.95,1523725052,81.2,100,44,9.1
235,nabire,id,"{'lon': 135.483337, 'lat': -3.36667}",1634614,135.48,-3.37,1523724905,69.59,98,76,1.99
236,katobu,id,"{'lon': 122.7124903, 'lat': -4.830303199999999}",0,122.71,-4.83,1523725053,81.29,96,80,3.74
237,moree,au,"{'lon': 149.850006, 'lat': -29.466669}",2156927,149.85,-29.47,1523725053,58.34,95,0,6.24
238,mwense,zm,"{'lon': 28.698, 'lat': -10.38446}",902721,28.7,-10.38,1523725054,65.09,96,32,3.0
239,chicama,pe,"{'lon': -79.146942, 'lat': -7.84472}",3698359,-79.15,-7.84,1523721600,71.6,78,40,8.05
240,rungata,ki,"{'lon': 176.445007, 'lat': -1.3493599}",0,176.45,-1.35,1523725055,82.28,99,0,9.15
241,warqla,dz,"{'lon': 5.333523599999999, 'lat': 31.9526724}",0,5.33,31.95,1523721600,68.0,40,40,20.8
242,jarvenpaa,fi,"{'lon': 25.08333, 'lat': 60.466671}",655977,25.08,60.47,1523722800,53.6,30,0,10.29
244,lebu,cl,"{'lon': -73.650002, 'lat': -37.616669}",3883457,-73.65,-37.62,1523725056,56.45,95,0,4.07
245,singaraja,id,"{'lon': 115.088181, 'lat': -8.112}",1626932,115.09,-8.11,1523725056,73.01,100,44,1.77
246,provideniya,ru,"{'lon': -173.300003, 'lat': 64.383331}",4031574,-173.3,64.38,1523725057,26.84,100,76,17.49
247,harper,lr,"{'lon': -7.71694, 'lat': 4.375}",2276492,-7.72,4.38,1523725057,82.73,100,36,10.33
248,barra patuca,hn,"{'lon': -84.283333, 'lat': 15.8}",3614835,-84.28,15.8,1523725058,81.92,88,44,14.81
249,alyangula,au,"{'lon': 136.419174, 'lat': -13.84833}",2079582,136.42,-13.85,1523725059,83.81,100,0,9.04
250,longyearbyen,sj,"{'lon': 15.64007, 'lat': 78.218597}",2729907,15.64,78.22,1523722800,30.2,63,75,17.22
251,tezu,in,"{'lon': 96.166672, 'lat': 27.91667}",1254709,96.17,27.92,1523725060,54.11,95,76,1.39
252,karasburg,na,"{'lon': 18.75, 'lat': -28.01667}",3356343,18.75,-28.02,1523725060,71.12,32,0,5.01
253,epe,ng,"{'lon': 3.9833600000000002, 'lat': 6.58412}",2343252,3.98,6.58,1523725061,83.81,70,0,11.39
254,columbia,us,"{'lon': -87.035278, 'lat': 35.61507}",4614867,-87.04,35.62,1523722500,61.83,100,40,24.25
265,fortuna,us,"{'lon': -124.15728, 'lat': 40.59819}",5563839,-124.16,40.6,1523723700,50.49,93,1,5.82
266,ostrovnoy,ru,"{'lon': 39.513062, 'lat': 68.053062}",556268,39.51,68.05,1523725062,32.24,96,92,12.57
267,calama,cl,"{'lon': -68.933327, 'lat': -22.466669}",3897347,-68.93,-22.47,1523721600,69.8,30,0,20.8
268,jiuquan,cn,"{'lon': 98.494548, 'lat': 39.73287}",0,98.49,39.73,1523725063,22.34,62,0,3.62
269,neiafu,to,"{'lon': -173.983337, 'lat': -18.65}",4032420,-173.98,-18.65,1523721600,75.2,73,20,5.82
270,lumberton,us,"{'lon': -79.008636, 'lat': 34.618221}",4477525,-79.01,34.62,1523724840,78.6,47,40,11.41
273,polovinnoye,ru,"{'lon': 65.986389, 'lat': 54.791389}",1494523,65.99,54.79,1523725065,26.21,77,0,9.66
275,mar del plata,ar,"{'lon': -57.557541, 'lat': -38.002281}",3430863,-57.56,-38.0,1523721600,64.4,59,75,9.17
276,dire,ml,"{'lon': -10.96667, 'lat': 12.28333}",2458624,-10.97,12.28,1523725065,95.69,18,0,5.08
277,bathsheba,bb,"{'lon': -59.51667, 'lat': 13.21667}",3374083,-59.52,13.22,1523721600,84.2,62,20,24.16
278,pindobacu,br,"{'lon': -40.360828, 'lat': -10.74167}",3453827,-40.36,-10.74,1523725066,82.01,69,32,7.14
279,alofi,nu,"{'lon': -169.918671, 'lat': -19.059521}",4036284,-169.92,-19.06,1523721600,75.2,69,12,11.41
280,jalu,ly,"{'lon': 21.4991334, 'lat': 29.040621}",0,21.5,29.04,1523725068,90.11,13,56,5.01
281,port elizabeth,za,"{'lon': 25.57007, 'lat': -33.917992}",964420,25.57,-33.92,1523721600,66.2,88,40,5.82
282,tsihombe,mg,"{'lon': 45.48630929999999, 'lat': -25.3168473}",0,45.49,-25.32,1523725068,73.19,66,0,11.79
283,arkhara,ru,"{'lon': 130.084198, 'lat': 49.4212}",2027487,130.08,49.42,1523725069,35.39,74,80,2.33
284,bojnurd,ir,"{'lon': 57.329029, 'lat': 37.474731}",140380,57.33,37.47,1523721600,46.4,75,75,2.24
285,piney green,us,"{'lon': -77.320236, 'lat': 34.716}",4485355,-77.32,34.72,1523725080,76.39,61,75,23.04
286,cobija,bo,"{'lon': -68.76918, 'lat': -11.02671}",3919998,-68.77,-11.03,1523721600,78.8,88,75,13.87
287,bilma,ne,"{'lon': 12.91643, 'lat': 18.68532}",2446796,12.92,18.69,1523725071,88.85,15,0,5.53
288,ambon,id,"{'lon': 128.181396, 'lat': -3.69543}",1651531,128.18,-3.7,1523725071,81.47,100,44,0.83
289,stoyba,ru,"{'lon': 131.7095224, 'lat': 52.7945943}",0,131.71,52.79,1523725072,22.52,60,0,4.52
290,cherskiy,ru,"{'lon': 161.300003, 'lat': 68.75}",2126199,161.3,68.75,1523725072,1.37,51,0,2.55
291,kuytun,cn,"{'lon': 84.903267, 'lat': 44.426529}",0,84.9,44.43,1523725073,43.85,58,0,1.1
292,okhotsk,ru,"{'lon': 143.300003, 'lat': 59.383331}",2122605,143.3,59.38,1523725073,14.24,90,32,1.77
293,clive,us,"{'lon': -93.724113, 'lat': 41.603039}",4852065,-93.72,41.6,1523724120,36.28,100,75,17.22
294,aksu,cn,"{'lon': 80.264442, 'lat': 41.123058}",1529660,80.26,41.12,1523725074,38.54,63,0,2.39
295,bethel,us,"{'lon': -81.354828, 'lat': 32.413799}",4182260,-81.35,32.41,1523723700,78.53,61,75,4.7
306,sal rei,cv,"{'lon': -22.91667, 'lat': 16.183331}",3374235,-22.92,16.18,1523721600,75.2,60,40,20.8
307,luderitz,na,"{'lon': 15.15944, 'lat': -26.64806}",3355672,15.16,-26.65,1523725076,61.94,88,0,12.84
308,vestmannaeyjar,is,"{'lon': -20.27339, 'lat': 63.44273}",3412093,-20.27,63.44,1523725076,45.29,97,92,11.9
309,korce,al,"{'lon': 20.78083, 'lat': 40.61861}",782756,20.78,40.62,1523725077,62.21,58,12,5.41
310,babra,in,"{'lon': 71.300003, 'lat': 21.85}",1278054,71.3,21.85,1523724782,89.48,29,0,10.78
311,ust-ordynskiy,ru,"{'lon': 104.750832, 'lat': 52.805}",2013894,104.75,52.8,1523721600,35.6,64,0,8.95
312,tsumeb,na,"{'lon': 17.716669, 'lat': -19.23333}",3352593,17.72,-19.23,1523725078,75.53,50,44,6.08
313,lunenburg,ca,"{'lon': -64.315453, 'lat': 44.38345}",6062069,-64.32,44.38,1523725078,40.88,83,68,12.35
314,taltal,cl,"{'lon': -70.48333, 'lat': -25.4}",3870243,-70.48,-25.4,1523725079,68.69,80,20,3.62
315,chester,ca,"{'lon': -64.248741, 'lat': 44.550152}",5921028,-64.25,44.55,1523721600,41.0,86,90,16.11
316,codrington,ag,"{'lon': -61.8204456, 'lat': 17.6425736}",0,-61.82,17.64,1523725080,79.13,100,0,21.07
317,goderich,sl,"{'lon': -13.285784, 'lat': 8.427560999999999}",0,-13.29,8.43,1523721600,87.8,70,40,8.05
318,mandurah,au,"{'lon': 115.697472, 'lat': -32.628761}",7839601,115.7,-32.63,1523723400,51.8,100,0,4.7
320,lorengau,pg,"{'lon': 147.271194, 'lat': -2.02259}",2092164,147.27,-2.02,1523724825,83.27,100,80,10.04
321,sorong,id,"{'lon': 131.25, 'lat': -0.8833300000000001}",1626542,131.25,-0.88,1523725081,80.57,100,56,3.62
322,attawapiskat,ca,"{'lon': -82.42889219999999, 'lat': 52.9258846}",0,-82.43,52.93,1523725082,15.41,78,0,6.8
323,yulara,au,"{'lon': 130.988907, 'lat': -25.240601}",6355222,130.99,-25.24,1523721600,66.2,34,0,8.05
324,chapada dos guimaraes,br,"{'lon': -55.749722, 'lat': -15.46056}",3466307,-55.75,-15.46,1523725083,85.79,64,0,4.74
325,hendek,tr,"{'lon': 30.74806, 'lat': 40.799438}",745664,30.75,40.8,1523721000,53.6,87,20,11.41
326,mehamn,no,"{'lon': 27.849171, 'lat': 71.035698}",778707,27.85,71.04,1523724817,30.89,92,44,5.01
327,lasa,cn,"{'lon': 91.17210999999999, 'lat': 29.652491}",0,91.17,29.65,1523725084,20.54,52,12,1.83
328,kananga,cd,"{'lon': 22.41778, 'lat': -5.89583}",214481,22.42,-5.9,1523725085,68.24,96,64,4.63
330,bengkulu,id,"{'lon': 102.265541, 'lat': -3.80044}",1649150,102.27,-3.8,1523725086,79.4,100,36,6.42
331,saint-louis,sn,"{'lon': -16.48962, 'lat': 16.017929}",2246452,-16.49,16.02,1523721600,86.0,40,0,9.17
334,san patricio,mx,"{'lon': -104.699997, 'lat': 19.216669}",3985168,-104.7,19.22,1523721300,80.6,69,5,11.41
335,shebunino,ru,"{'lon': 141.860275, 'lat': 46.433891}",2121324,141.86,46.43,1523725088,37.64,100,92,10.16
336,mileai,gr,"{'lon': 23.1506217, 'lat': 39.3280792}",0,23.15,39.33,1523722800,68.0,60,20,6.93
337,port lincoln,au,"{'lon': 135.857483, 'lat': -34.728539}",7839452,135.86,-34.73,1523725089,65.0,91,92,23.91
339,hambantota,lk,"{'lon': 81.1185, 'lat': 6.1241}",1244926,81.12,6.12,1523725089,80.57,100,64,3.74
340,gazanjyk,tm,"{'lon': 55.515362, 'lat': 39.244629}",161974,55.52,39.24,1523725090,52.67,100,92,5.12
341,lexington park,us,"{'lon': -76.453842, 'lat': 38.266788}",4360592,-76.45,38.27,1523724420,77.59,47,1,16.11
342,anadyr,ru,"{'lon': 177.483337, 'lat': 64.75}",2127202,177.48,64.75,1523721600,19.4,85,90,29.08
343,touros,br,"{'lon': -35.460831, 'lat': -5.1988900000000005}",3386213,-35.46,-5.2,1523725091,83.09,90,64,7.14
344,naze,jp,"{'lon': 129.483337, 'lat': 28.366671}",1855540,129.48,28.37,1523725091,69.23,100,92,11.56
345,guerrero negro,mx,"{'lon': -114.061111, 'lat': 27.97694}",4021858,-114.06,27.98,1523725092,78.59,29,0,9.89
346,sakaiminato,jp,"{'lon': 133.233337, 'lat': 35.549999}",1853174,133.23,35.55,1523721600,57.2,82,75,17.22
347,shimoda,jp,"{'lon': 138.949997, 'lat': 34.666672}",1852357,138.95,34.67,1523720700,55.4,100,75,4.7
348,namie,jp,"{'lon': 141, 'lat': 37.48333}",2111704,141.0,37.48,1523725093,58.43,92,92,22.64
349,leshukonskoye,ru,"{'lon': 45.762199, 'lat': 64.898941}",535839,45.76,64.9,1523725094,34.76,74,36,7.25
350,hay river,ca,"{'lon': -115.799927, 'lat': 60.815552}",5972762,-115.8,60.82,1523721600,30.2,86,75,3.51
351,fukue,jp,"{'lon': 128.841934, 'lat': 32.688061}",1863997,128.84,32.69,1523725095,57.89,100,44,31.41
352,noyabrsk,ru,"{'lon': 75.450668, 'lat': 63.19936}",1496503,75.45,63.2,1523725095,25.85,90,88,18.72
353,victoria,sc,"{'lon': 55.450001, 'lat': -4.61667}",241131,55.45,-4.62,1523721600,82.4,78,20,2.24
354,zhezkazgan,kz,"{'lon': 67.7020019, 'lat': 47.79636559999999}",0,67.7,47.8,1523721600,42.8,45,90,26.84
355,kaitangata,nz,"{'lon': 169.8470967, 'lat': -46.28334}",0,169.85,-46.28,1523725097,44.12,70,0,17.65
357,tagusao,ph,"{'lon': 117.814102, 'lat': 9.19238}",1684245,117.81,9.19,1523725098,78.95,95,0,3.51
358,lake cowichan,ca,"{'lon': -124.054611, 'lat': 48.824951}",6048316,-124.05,48.83,1523721600,47.03,81,75,2.24
359,eyl,so,"{'lon': 49.816399, 'lat': 7.9803}",60019,49.82,7.98,1523725099,80.57,100,20,5.08
360,bayir,jo,"{'lon': 36.6793491, 'lat': 30.7617321}",0,36.68,30.76,1523725099,61.94,48,0,8.59
361,tiksi,ru,"{'lon': 128.869446, 'lat': 71.687218}",2015306,128.87,71.69,1523725100,12.17,55,0,6.76
362,korla,cn,"{'lon': 86.146942, 'lat': 41.75972}",1529376,86.15,41.76,1523725100,36.65,82,0,1.72
363,moussoro,td,"{'lon': 16.49007, 'lat': 13.64084}",2427336,16.49,13.64,1523725101,90.02,30,0,4.63
364,warri,ng,"{'lon': 5.75, 'lat': 5.51667}",2319133,5.75,5.52,1523725101,84.8,65,76,10.45
365,ust-ilimsk,ru,"{'lon': 102.661942, 'lat': 58.000561}",2013952,102.66,58.0,1523725102,37.91,97,92,4.85
366,cedar city,us,"{'lon': -113.06189, 'lat': 37.677479}",5536630,-113.06,37.68,1523721180,46.4,33,1,9.17
367,narsaq,gl,"{'lon': -46.049999, 'lat': 60.916672}",3421719,-46.05,60.92,1523721000,28.4,46,40,3.36
368,csurgo,hu,"{'lon': 17.100599, 'lat': 46.253139}",3053863,17.1,46.25,1523722500,69.8,46,0,3.36
369,avera,pf,"{'lon': -151.3509147, 'lat': -22.4791334}",0,-151.35,-22.48,1523725104,79.67,100,56,6.02
370,itapolis,br,"{'lon': -48.812778, 'lat': -21.59556}",3460671,-48.81,-21.6,1523725104,83.09,69,12,5.3
371,mopipi,bw,"{'lon': 24.883329, 'lat': -21.183331}",933288,24.88,-21.18,1523725105,77.51,41,8,8.25
372,klaksvik,fo,"{'lon': -6.58901, 'lat': 62.226551}",2618795,-6.59,62.23,1523723160,46.4,93,75,12.75
373,rayong,th,"{'lon': 101.25798, 'lat': 12.68095}",1607017,101.26,12.68,1523723400,84.2,74,20,9.17
374,berdigestyakh,ru,"{'lon': 126.699173, 'lat': 62.098888}",2026861,126.7,62.1,1523725106,21.44,80,0,4.12
375,sao filipe,cv,"{'lon': -24.49556, 'lat': 14.8961}",3374210,-24.5,14.9,1523725107,71.57,93,0,18.72
376,nibbar,tn,"{'lon': 8.76657, 'lat': 36.294109}",2468459,8.77,36.29,1523721600,64.4,77,40,9.17
377,karratha,au,"{'lon': 116.846291, 'lat': -20.73765}",6620339,116.85,-20.74,1523725108,70.49,22,0,8.88
378,cayenne,gf,"{'lon': -52.334999, 'lat': 4.9386}",6690689,-52.34,4.94,1523723400,82.4,78,88,13.87
380,kodiak,us,"{'lon': -152.407227, 'lat': 57.790001}",5866583,-152.41,57.79,1523721180,44.6,56,1,17.22
381,khapa,in,"{'lon': 78.966667, 'lat': 21.433331}",1267006,78.97,21.43,1523723400,80.6,65,40,6.93
382,otjimbingwe,na,"{'lon': 16.133329, 'lat': -22.35}",3353871,16.13,-22.35,1523725110,68.15,75,0,3.4
383,lakselv,no,"{'lon': 24.971821, 'lat': 70.051331}",779082,24.97,70.05,1523722800,39.2,97,88,8.05
384,byron bay,au,"{'lon': 153.616669, 'lat': -28.65}",2172880,153.62,-28.65,1523723400,73.4,73,0,14.99
385,dunedin,nz,"{'lon': 170.503616, 'lat': -45.874161}",2191562,170.5,-45.87,1523724818,43.22,81,0,16.71
386,savannah bight,hn,"{'lon': -85.849998, 'lat': 16.450001}",3601402,-85.85,16.45,1523725112,83.72,88,0,18.88
387,kushiro,jp,"{'lon': 144.374725, 'lat': 42.974998}",2129376,144.37,42.98,1523724982,33.59,100,92,6.42
389,marsh harbour,bs,"{'lon': -77.063599, 'lat': 26.541241}",3571913,-77.06,26.54,1523725113,79.4,91,0,14.36
390,aragarcas,br,"{'lon': -52.250832, 'lat': -15.8975}",3471840,-52.25,-15.9,1523724853,85.07,59,68,8.77
391,cleethorpes,gb,"{'lon': -0.03225, 'lat': 53.560471}",2652885,-0.03,53.56,1523722800,57.97,71,20,12.75
392,kiama,au,"{'lon': 150.845718, 'lat': -34.671242}",7839738,150.85,-34.67,1523723400,60.8,51,0,26.4
394,caruray,ph,"{'lon': 119.012802, 'lat': 10.3094}",1718234,119.01,10.31,1523725115,82.28,100,24,9.55
395,pochutla,mx,"{'lon': -96.462593, 'lat': 15.73469}",0,-96.46,15.73,1523725115,83.63,97,0,15.41
396,rondonopolis,br,"{'lon': -54.635559, 'lat': -16.470831}",3450909,-54.64,-16.47,1523725116,89.39,46,20,9.04
397,batagay-alyta,ru,"{'lon': 130.411392, 'lat': 67.80056}",2027042,130.41,67.8,1523725116,0.83,57,0,2.62
398,ampanihy,mg,"{'lon': 44.75, 'lat': -24.700001}",1078553,44.75,-24.7,1523725117,76.79,49,0,12.28
399,mackenzie,ca,"{'lon': -123.1698, 'lat': 55.29985}",6063191,-123.17,55.3,1523721600,35.6,69,90,12.75
400,chihuahua,mx,"{'lon': -106.083328, 'lat': 28.633329}",4014338,-106.08,28.63,1523720400,55.4,12,5,4.7
401,constitucion,mx,"{'lon': -111.6601104, 'lat': 25.0384869}",0,-111.66,25.04,1523724961,83.54,16,0,9.6
402,mata grande,br,"{'lon': -37.73222, 'lat': -9.1175}",3395162,-37.73,-9.12,1523725118,81.47,76,64,7.31
403,cove,bj,"{'lon': 2.34017, 'lat': 7.22097}",2394814,2.34,7.22,1523725119,87.77,57,8,9.1
404,nizhneyansk,ru,"{'lon': 136.1122279, 'lat': 71.450058}",0,136.11,71.45,1523725120,7.04,47,0,6.53
405,ahipara,nz,"{'lon': 173.166672, 'lat': -35.166672}",2194098,173.17,-35.17,1523725120,64.91,95,76,10.38
406,abonnema,ng,"{'lon': 6.7788461, 'lat': 4.7231169}",0,6.78,4.72,1523721600,77.0,94,75,9.17
407,bonavista,ca,"{'lon': -53.114738, 'lat': 48.649891}",5905393,-53.11,48.65,1523725121,37.91,81,92,24.43
408,sovetskiy,ru,"{'lon': 28.677561, 'lat': 60.539452}",490039,28.68,60.54,1523722800,53.6,27,0,3.36
412,serik,tr,"{'lon': 31.09889, 'lat': 36.916939}",301101,31.1,36.92,1523722800,68.0,82,20,2.24
413,mantua,cu,"{'lon': -84.284439, 'lat': 22.288891}",3547930,-84.28,22.29,1523725123,86.96,55,8,11.45
414,ahumada,mx,"{'lon': -106.5137018, 'lat': 30.6149598}",0,-106.51,30.61,1523725123,59.6,11,0,8.25
415,wanning,cn,"{'lon': 110.396667, 'lat': 18.80028}",1791779,110.4,18.8,1523725124,77.6,98,100,4.41
416,killybegs,ie,"{'lon': -8.45, 'lat': 54.633331}",2963295,-8.45,54.63,1523725124,51.95,79,88,16.93
417,saldanha,za,"{'lon': 17.944201, 'lat': -33.011669}",3361934,17.94,-33.01,1523721600,66.2,59,0,14.99
418,katsuura,jp,"{'lon': 140.300003, 'lat': 35.133331}",2112309,140.3,35.13,1523722800,61.84,93,75,6.93
419,chopda,in,"{'lon': 75.300003, 'lat': 21.25}",1273992,75.3,21.25,1523725126,83.9,29,0,9.55
420,georgetown,sh,"{'lon': -14.41667, 'lat': -7.93333}",2411397,-14.42,-7.93,1523721000,86.0,58,20,14.99
421,necochea,ar,"{'lon': -58.736752, 'lat': -38.54726}",3430443,-58.74,-38.55,1523725127,67.25,63,0,15.41
422,tibiri,ne,"{'lon': 7.04848, 'lat': 13.56271}",2438774,7.05,13.56,1523725127,86.87,59,32,0.72
423,cockburn town,tc,"{'lon': -71.141876, 'lat': 21.46122}",3576994,-71.14,21.46,1523724868,78.77,97,48,22.19
424,poum,nc,"{'lon': 164.016663, 'lat': -20.23333}",2138555,164.02,-20.23,1523725128,77.15,100,44,15.93
425,bambous virieux,mu,"{'lon': 57.7575, 'lat': -20.342779}",1106677,57.76,-20.34,1523721600,78.8,74,75,18.34
426,opuwo,na,"{'lon': 13.83998, 'lat': -18.06068}",3354077,13.84,-18.06,1523725129,73.28,68,68,4.41
427,kudahuvadhoo,mv,"{'lon': 72.894371, 'lat': 2.67075}",1337607,72.89,2.67,1523725129,83.18,100,48,4.07
428,salvador,br,"{'lon': -38.50811, 'lat': -12.97177}",6321026,-38.51,-12.97,1523725200,86.0,66,40,10.29
430,marcona,pe,"{'lon': -75.0844757, 'lat': -15.3439659}",0,-75.08,-15.34,1523725130,67.07,86,32,12.35
431,kampot,kh,"{'lon': 104.183327, 'lat': 10.61667}",1831112,104.18,10.62,1523724837,79.94,83,12,5.35
432,tamandare,br,"{'lon': -35.104721, 'lat': -8.75972}",3386931,-35.1,-8.76,1523725131,79.13,97,80,7.25
433,kautokeino,no,"{'lon': 23.04151, 'lat': 69.011513}",779327,23.04,69.01,1523725132,30.17,91,0,4.41
435,lumeje,ao,"{'lon': 20.783331, 'lat': -11.55}",876123,20.78,-11.55,1523725132,67.25,96,80,3.89
436,berlevag,no,"{'lon': 29.0853, 'lat': 70.858093}",780686,29.09,70.86,1523725133,31.97,100,88,7.36
438,clyde river,ca,"{'lon': -68.591431, 'lat': 70.469162}",5924351,-68.59,70.47,1523721600,-0.41,77,1,3.36
439,rumford,us,"{'lon': -70.550903, 'lat': 44.553669}",4977125,-70.55,44.55,1523724720,35.42,40,90,10.29
440,guarapari,br,"{'lon': -40.497501, 'lat': -20.66667}",3461888,-40.5,-20.67,1523721600,84.2,70,20,11.41
441,saleaula,ws,"{'lon': -172.3367114, 'lat': -13.4482906}",0,-172.34,-13.45,1523721600,77.0,94,75,9.6
442,san joaquin,bo,,0,-58.39,-16.38,1523725135,90.47,50,32,7.81
443,moulmeingyun,mm,"{'lon': 95.2606084, 'lat': 16.3838587}",0,95.26,16.38,1523725136,79.31,88,0,7.92
444,srednekolymsk,ru,"{'lon': 153.683334, 'lat': 67.449997}",2121025,153.68,67.45,1523725136,-1.43,81,0,2.33
445,komsomolskiy,ru,"{'lon': 46.698521, 'lat': 43.978329}",545728,46.7,43.98,1523725137,45.92,71,56,0.98
446,waipawa,nz,"{'lon': 175.515274, 'lat': -41.41222}",2206874,175.52,-41.41,1523723400,42.8,87,0,3.36
447,vanimo,pg,"{'lon': 141.302841, 'lat': -2.67408}",2084442,141.3,-2.67,1523725138,80.75,100,44,6.02
448,severo-kurilsk,ru,"{'lon': 156.125, 'lat': 50.67889}",2121385,156.12,50.68,1523725138,30.35,98,48,15.86
449,morondava,mg,"{'lon': 44.283329, 'lat': -20.283331}",1058381,44.28,-20.28,1523725139,76.97,98,20,7.54
450,mana,gf,"{'lon': -53.776901, 'lat': 5.6672}",6690694,-53.78,5.67,1523725139,82.37,70,88,6.02
452,kijaba,az,"{'lon': 48.8131907, 'lat': 38.5327494}",0,48.81,38.53,1523723400,47.01,100,90,16.11
453,fethiye,tr,"{'lon': 29.11639, 'lat': 36.62167}",314967,29.12,36.62,1523722800,71.6,64,0,5.82
454,baruun-urt,mn,"{'lon': 113.279167, 'lat': 46.680561}",2032614,113.28,46.68,1523725141,24.32,59,24,8.1
455,makokou,ga,"{'lon': 12.86419, 'lat': 0.57381}",2399371,12.86,0.57,1523725141,76.97,86,88,2.51
456,vestmanna,fo,"{'lon': -7.16639, 'lat': 62.156391}",2610343,-7.17,62.16,1523723160,46.4,93,75,12.75
457,falealupo,ws,"{'lon': -172.7872919, 'lat': -13.4993052}",0,-172.79,-13.5,1523725142,80.12,100,88,12.84
458,laguna,br,"{'lon': -48.78083, 'lat': -28.4825}",3459094,-48.78,-28.48,1523725143,72.92,98,88,10.89
459,maniitsoq,gl,"{'lon': -52.900002, 'lat': 65.416672}",3421982,-52.9,65.42,1523725143,20.81,100,36,5.91
460,sola,vu,"{'lon': 167.550003, 'lat': -13.88333}",2134814,167.55,-13.88,1523725144,76.43,100,92,13.06
461,petropavl,kz,"{'lon': 69.15054789999999, 'lat': 54.8732209}",0,69.15,54.87,1523725144,23.69,75,0,9.1
462,digras,in,"{'lon': 77.716667, 'lat': 20.116671}",1272596,77.72,20.12,1523725145,82.01,47,92,7.81
463,urumqi,cn,"{'lon': 87.61684799999999, 'lat': 43.825592}",0,87.62,43.83,1523721600,64.4,16,0,11.18
464,vysokogornyy,ru,"{'lon': 139.149994, 'lat': 50.116669}",2013216,139.15,50.12,1523725146,10.64,74,0,2.21
465,upernavik,gl,"{'lon': -56.15485, 'lat': 72.786842}",3418910,-56.15,72.79,1523725146,10.55,100,20,14.58
466,okha,ru,"{'lon': 142.947784, 'lat': 53.573891}",2122614,142.95,53.57,1523725147,11.27,78,24,1.77
467,buala,sb,"{'lon': 159.592117, 'lat': -8.14497}",2109528,159.59,-8.14,1523725147,79.4,100,92,3.4
468,wilmington island,us,"{'lon': -80.973717, 'lat': 32.003551}",4231354,-80.97,32.0,1523722500,78.44,61,1,12.75
469,ruatoria,nz,"{'lon': 178.3194507, 'lat': -37.8927614}",0,178.32,-37.89,1523725148,53.57,100,92,3.33
470,tondano,id,"{'lon': 124.911201, 'lat': 1.3038}",1623424,124.91,1.3,1523723400,77.0,94,20,2.24
471,ahuimanu,us,"{'lon': -157.837784, 'lat': 21.444719}",5856516,-157.84,21.44,1523723400,73.85,88,90,12.75
472,humaita,br,"{'lon': -63.020828, 'lat': -7.50611}",3664078,-63.02,-7.51,1523725149,80.57,85,68,2.73
473,taoudenni,ml,"{'lon': -3.98361, 'lat': 22.678329}",2450173,-3.98,22.68,1523725150,82.55,12,0,7.31
474,balimo,pg,"{'lon': 142.9036317, 'lat': -8.0053888}",0,142.9,-8.01,1523725150,77.87,91,64,1.99
475,znamenskoye,ru,"{'lon': 35.690552, 'lat': 53.27869}",462305,35.69,53.28,1523725151,41.15,59,0,7.14
478,voh,nc,"{'lon': 164.699997, 'lat': -20.966669}",2137748,164.7,-20.97,1523725152,75.53,100,36,14.07
479,tura,ru,"{'lon': 100.25, 'lat': 64.283333}",2014833,100.25,64.28,1523725152,21.89,65,76,6.87
480,murupara,nz,"{'lon': 176.699997, 'lat': -38.466671}",2186338,176.7,-38.47,1523725152,49.25,100,44,2.06
481,la rioja,ar,"{'lon': -66.85067, 'lat': -29.411051}",3848950,-66.85,-29.41,1523725153,66.71,66,0,4.23
482,villamontes,bo,"{'lon': -63.5, 'lat': -21.25}",3901547,-63.5,-21.25,1523721600,66.2,77,90,3.36
483,batticaloa,lk,"{'lon': 81.692398, 'lat': 7.7102}",1250161,81.69,7.71,1523725154,81.83,100,12,5.75
484,anloga,gh,"{'lon': 0.8972800000000001, 'lat': 5.79473}",2304548,0.9,5.79,1523721600,86.0,74,20,16.11
485,horasan,tr,"{'lon': 42.172779, 'lat': 40.04583}",745527,42.17,40.05,1523725156,33.77,65,0,3.85
486,haibowan,cn,"{'lon': 106.822778, 'lat': 39.691156}",0,106.82,39.69,1523725157,29.45,44,48,3.62
487,chokurdakh,ru,"{'lon': 147.916672, 'lat': 70.633331}",2126123,147.92,70.63,1523725157,-2.24,48,0,6.91
488,havelock,us,"{'lon': -76.901329, 'lat': 34.879051}",4470244,-76.9,34.88,1523725080,76.32,61,75,23.04
489,usinsk,ru,"{'lon': 57.528061, 'lat': 65.993889}",863061,57.53,65.99,1523725158,25.58,89,0,15.3
490,leningradskiy,ru,"{'lon': 178.416672, 'lat': 69.383331}",2123814,178.42,69.38,1523725159,-3.86,79,20,15.59
491,craig,us,"{'lon': -107.546448, 'lat': 40.515251}",5576064,-107.55,40.52,1523723700,33.28,52,90,5.64
493,coihueco,cl,"{'lon': -71.833328, 'lat': -36.616669}",3894406,-71.83,-36.62,1523721600,53.6,93,0,2.24
494,coari,br,"{'lon': -63.141392, 'lat': -4.085}",3664539,-63.14,-4.08,1523725160,85.61,75,44,6.87
495,soligalich,ru,"{'lon': 42.286388, 'lat': 59.077778}",491025,42.29,59.08,1523725160,34.4,78,0,10.6
496,saravan,la,"{'lon': 106.2522143, 'lat': 15.8171073}",0,106.25,15.82,1523725161,75.8,93,64,2.62
497,poya,nc,"{'lon': 165.163986, 'lat': -21.34487}",2138519,165.16,-21.34,1523725161,76.07,100,32,11.27
499,sobolevo,ru,"{'lon': 155.956757, 'lat': 54.300693}",0,155.96,54.3,1523725162,18.92,81,44,1.05
500,koshurnikovo,ru,"{'lon': 93.300003, 'lat': 54.166672}",1502389,93.3,54.17,1523725162,33.86,100,92,3.78
501,denpasar,id,"{'lon': 115.216667, 'lat': -8.65}",1645528,115.22,-8.65,1523725163,73.01,100,44,1.77
502,breves,br,"{'lon': -50.480282, 'lat': -1.68222}",3404817,-50.48,-1.68,1523725163,84.17,84,24,4.74
503,linxia,cn,"{'lon': 103.20639, 'lat': 35.600281}",1803331,103.21,35.6,1523725164,15.77,67,0,2.21
504,iguape,br,"{'lon': -47.555279, 'lat': -24.708059}",3461465,-47.56,-24.71,1523725164,73.19,100,92,9.44
505,ambulu,id,"{'lon': 113.6085612, 'lat': -8.3813553}",0,113.61,-8.38,1523725165,79.13,100,36,2.73
506,guatire,ve,"{'lon': -66.542664, 'lat': 10.4762}",3639898,-66.54,10.48,1523725200,86.0,70,20,6.93
507,andros town,bs,"{'lon': -77.76667, 'lat': 24.700001}",3572906,-77.77,24.7,1523721600,84.2,66,40,13.87
508,olafsvik,is,"{'lon': -23.714239, 'lat': 64.894524}",3414079,-23.71,64.89,1523725166,43.85,94,92,10.27
509,rovaniemi,fi,"{'lon': 25.700001, 'lat': 66.5}",638937,25.7,66.5,1523722800,44.6,39,0,5.82
511,souillac,mu,"{'lon': 57.51667, 'lat': -20.51667}",933995,57.52,-20.52,1523721600,78.8,74,75,18.34
512,santa fe,ar,"{'lon': -60.697294, 'lat': -31.6106578}",0,-60.7,-31.61,1523725168,66.71,97,88,11.39
513,innisfail,au,"{'lon': 146.033325, 'lat': -17.533331}",2162683,146.03,-17.53,1523725168,69.77,96,92,4.85
514,axim,gh,"{'lon': -2.24046, 'lat': 4.8699200000000005}",2303611,-2.24,4.87,1523725169,82.64,98,12,12.68
515,zaranj,af,"{'lon': 61.883331, 'lat': 30.966669}",1120985,61.88,30.97,1523721600,82.4,24,48,9.17
516,ballina,au,"{'lon': 153.485687, 'lat': -28.85273}",7839686,153.49,-28.85,1523725169,74.63,100,0,13.18
518,mezhevoy,ru,"{'lon': 58.781391, 'lat': 55.171108}",527263,58.78,55.17,1523725170,26.75,83,0,6.91
519,ulladulla,au,"{'lon': 150.466675, 'lat': -35.349998}",2145554,150.47,-35.35,1523723400,60.8,51,0,26.4
520,praia da vitoria,pt,"{'lon': -27.13098, 'lat': 38.740639}",8010692,-27.13,38.74,1523721600,62.6,59,40,16.42
522,sinkat,sd,"{'lon': 36.8304102, 'lat': 18.8320729}",0,36.83,18.83,1523725172,72.92,20,0,6.42
523,talhar,pk,"{'lon': 68.816673, 'lat': 24.883329}",1164045,68.82,24.88,1523725172,81.92,37,8,11.05
524,big bend,sz,"{'lon': 31.933331, 'lat': -26.816669}",935113,31.93,-26.82,1523725173,67.61,91,68,4.74
525,kathmandu,np,"{'lon': 85.316666, 'lat': 27.716667}",1283240,85.32,27.72,1523722800,60.8,63,20,5.82
527,cabra,ph,"{'lon': 120.049438, 'lat': 13.88833}",1721491,120.05,13.89,1523725174,82.82,98,8,20.45
528,fairview,ca,"{'lon': -118.386063, 'lat': 56.06675}",5951036,-118.39,56.07,1523721600,37.4,69,20,16.11
529,luanda,ao,"{'lon': 13.23432, 'lat': -8.83682}",2240449,13.23,-8.84,1523721600,84.2,74,20,9.17
530,gilbues,br,"{'lon': -45.343891, 'lat': -9.83167}",3398931,-45.34,-9.83,1523725175,86.51,59,24,8.81
531,port blair,in,"{'lon': 92.75, 'lat': 11.66667}",1259385,92.75,11.67,1523725176,84.89,100,12,0.76
532,sambava,mg,"{'lon': 50.166672, 'lat': -14.26667}",1056899,50.17,-14.27,1523725176,78.59,100,88,19.84
533,agadez,ne,"{'lon': 10.25, 'lat': 19.75}",2448083,10.25,19.75,1523725177,95.33,12,76,8.03
535,hihifo,to,"{'lon': -173.7955818, 'lat': -15.9528061}",0,-173.8,-15.95,1523725177,80.75,100,88,24.87
536,salalah,om,"{'lon': 54.092369, 'lat': 17.015051}",286621,54.09,17.02,1523721000,84.2,74,40,6.93
537,mount isa,au,"{'lon': 139.5, 'lat': -20.73333}",2065594,139.5,-20.73,1523723400,77.0,36,40,10.29
539,chapais,ca,"{'lon': -74.84919, 'lat': 49.78344}",5919850,-74.85,49.78,1523721600,6.8,46,1,9.17
540,teguise,es,"{'lon': -13.52157, 'lat': 29.182529}",6360194,-13.52,29.18,1523723400,69.8,46,20,18.34
542,javanrud,ir,"{'lon': 46.51722, 'lat': 34.796108}",130245,46.52,34.8,1523721180,57.2,58,40,6.93
543,cagayan de tawi-tawi,ph,"{'lon': 118.4747173, 'lat': 6.997029299999999}",0,118.47,7.0,1523725180,84.53,97,0,5.53
544,birao,cf,"{'lon': 22.788179, 'lat': 10.28488}",240210,22.79,10.28,1523725180,81.74,22,0,4.85
545,paris,us,"{'lon': -95.555511, 'lat': 33.660938}",4717560,-95.56,33.66,1523722500,48.27,49,1,14.99
553,raudeberg,no,"{'lon': 5.1351057, 'lat': 61.9829132}",0,5.14,61.98,1523722800,53.6,50,0,6.93
554,pangnirtung,ca,"{'lon': -65.712517, 'lat': 66.145111}",6096551,-65.71,66.15,1523721600,3.2,71,5,10.29
555,melito di porto salvo,it,"{'lon': 15.7714, 'lat': 37.922161}",2524181,15.77,37.92,1523721300,74.39,37,0,5.82
556,sterling,us,"{'lon': -71.828682, 'lat': 41.7076}",4843650,-71.83,41.71,1523723700,60.28,46,1,3.36
563,dhankuta,np,"{'lon': 87.333328, 'lat': 26.98333}",1283465,87.33,26.98,1523725183,54.11,83,12,1.1
564,pedernales,do,"{'lon': -71.744034, 'lat': 18.03838}",3495137,-71.74,18.04,1523725184,81.65,87,12,17.6
565,leh,in,"{'lon': 77.583328, 'lat': 34.166672}",1264976,77.58,34.17,1523725184,-2.6,66,68,1.05
566,gangotri,in,"{'lon': 78.93984019999999, 'lat': 30.9946945}",0,78.94,30.99,1523725185,4.07,63,12,1.05
567,husavik,is,"{'lon': -17.33885, 'lat': 66.044891}",2629833,-17.34,66.04,1523721600,50.0,61,40,9.17
568,morgan city,us,"{'lon': -91.206772, 'lat': 29.699369}",4333811,-91.21,29.7,1523722740,64.92,93,90,12.75
569,sorvag,fo,"{'lon': -7.3058656, 'lat': 62.07129279999999}",0,-7.31,62.07,1523723160,46.4,93,75,12.75
570,komsomolskoye,ua,,0,34.02,45.02,1523725187,54.38,69,36,7.31
571,posse,br,"{'lon': -46.369438, 'lat': -14.09306}",3452599,-46.37,-14.09,1523725187,79.13,74,56,6.87
572,cogoleto,it,"{'lon': 8.64286, 'lat': 44.389339}",3178479,8.64,44.39,1523722800,66.2,48,0,12.75
573,tuatapere,nz,"{'lon': 167.683334, 'lat': -46.133331}",2180815,167.68,-46.13,1523725188,43.04,100,20,7.54
574,novovarshavka,ru,"{'lon': 74.694603, 'lat': 54.1721}",1496633,74.69,54.17,1523725189,22.88,78,0,2.77
575,kidal,ml,"{'lon': 1.40778, 'lat': 18.441111}",2455290,1.41,18.44,1523725189,87.59,9,0,7.92
576,samarai,pg,"{'lon': 150.666672, 'lat': -10.61667}",2132606,150.67,-10.62,1523725190,83.09,100,8,10.27
577,moravsky beroun,cz,"{'lon': 17.44212, 'lat': 49.793739}",3070314,17.44,49.79,1523723400,66.2,32,0,8.05
578,mogoytuy,ru,"{'lon': 114.916672, 'lat': 51.283329}",2019892,114.92,51.28,1523725191,20.54,72,0,5.41
579,half moon bay,us,"{'lon': -122.428589, 'lat': 37.463551}",5354943,-122.43,37.46,1523724000,56.62,87,1,5.82
580,rocha,uy,"{'lon': -54.333328, 'lat': -34.48333}",3440777,-54.33,-34.48,1523725192,70.85,64,0,9.82
581,belluru,in,"{'lon': 76.744438, 'lat': 12.99111}",1276506,76.74,12.99,1523725192,73.73,72,64,6.35
582,badou,tg,"{'lon': 0.6000000000000001, 'lat': 7.58333}",2367660,0.6,7.58,1523725193,84.44,66,20,7.31
583,banjar,id,"{'lon': 114.967499, 'lat': -8.19}",1650232,114.97,-8.19,1523725193,73.01,100,44,1.77
587,honningsvag,no,"{'lon': 25.970369, 'lat': 70.982094}",779554,25.97,70.98,1523725194,33.32,100,88,6.08
588,broken hill,au,"{'lon': 141.433334, 'lat': -31.950001}",2173911,141.43,-31.95,1523725194,60.5,73,24,10.33
589,bhuj,in,"{'lon': 69.666672, 'lat': 23.26667}",1275812,69.67,23.27,1523725195,80.3,50,0,9.66
591,matamoros,mx,"{'lon': -103.25, 'lat': 25.533331}",3996426,-103.25,25.53,1523720400,66.2,6,5,16.11
592,walvis bay,na,"{'lon': 14.50528, 'lat': -22.9575}",3359638,14.51,-22.96,1523721600,75.2,47,0,12.75
593,cockburn harbour,tc,"{'lon': -71.5323346, 'lat': 21.499849}",0,-71.53,21.5,1523725197,78.77,97,48,22.19
594,la peca,pe,"{'lon': -78.434998, 'lat': -5.61111}",3695675,-78.44,-5.61,1523725197,65.45,100,100,2.21
595,anta,pe,"{'lon': -72.148331, 'lat': -13.47056}",3947634,-72.15,-13.47,1523723400,59.0,51,75,2.24
596,meulaboh,id,"{'lon': 96.128502, 'lat': 4.1363}",1214488,96.13,4.14,1523725198,76.34,100,36,6.58
597,luau,ao,"{'lon': 22.224661, 'lat': -10.70727}",876177,22.22,-10.71,1523725199,66.44,97,36,2.28
598,yanam,in,"{'lon': 82.216667, 'lat': 16.73333}",1252795,82.22,16.73,1523725199,80.84,90,0,5.79
599,rajur,in,"{'lon': 78.916672, 'lat': 20.116671}",1258788,78.92,20.12,1523725200,78.86,63,64,6.02
600,nouadhibou,mr,"{'lon': -17.034651, 'lat': 20.930981}",2377457,-17.03,20.93,1523721600,73.4,53,0,18.34
601,porto walter,br,"{'lon': -72.743889, 'lat': -8.26861}",3662761,-72.74,-8.27,1523725201,76.79,90,88,3.29
602,swan river,ca,"{'lon': -101.267593, 'lat': 52.105801}",6160362,-101.27,52.11,1523725202,28.46,83,0,9.26
603,coihaique,cl,"{'lon': -72.066193, 'lat': -45.575241}",3894426,-72.07,-45.58,1523721600,59.0,58,40,5.82
604,umm lajj,sa,"{'lon': 37.268501, 'lat': 25.021259}",100926,37.27,25.02,1523725216,71.75,96,0,4.56
605,cockburn town,bs,"{'lon': -74.51667, 'lat': 24.033331}",3572627,-74.52,24.03,1523725218,79.85,88,0,17.31
606,namibe,ao,"{'lon': 12.15222, 'lat': -15.196110000000001}",3347019,12.15,-15.2,1523725207,78.59,99,80,6.8
607,lucea,jm,"{'lon': -78.173561, 'lat': 18.450951}",3489657,-78.17,18.45,1523721600,87.8,66,20,16.11
608,talnakh,ru,"{'lon': 88.397202, 'lat': 69.486504}",1490256,88.4,69.49,1523725221,12.98,81,76,0.76
609,astara,ir,"{'lon': 48.872002, 'lat': 38.4291}",142676,48.87,38.43,1523723400,47.26,100,90,16.11
610,manambrag,ph,"{'lon': 124.1170276, 'lat': 13.7259447}",0,124.12,13.73,1523725210,81.56,96,80,10.89
611,abilene,us,"{'lon': -99.733139, 'lat': 32.448738}",4669635,-99.73,32.45,1523722500,53.01,16,1,28.86
613,mount gambier,au,"{'lon': 140.781906, 'lat': -37.824692}",7839440,140.78,-37.82,1523725211,57.26,84,92,12.12
615,atocha,bo,"{'lon': -66.23333, 'lat': -20.933331}",3923570,-66.23,-20.93,1523725212,64.64,29,0,4.74
616,rawson,ar,"{'lon': -65.10228, 'lat': -43.300159}",3839307,-65.1,-43.3,1523725225,67.52,61,92,16.31
617,formoso do araguaia,br,"{'lon': -50.1832516, 'lat': -11.8031151}",0,-50.18,-11.8,1523725214,76.97,82,92,3.06
618,jasper,ca,"{'lon': -118.08567, 'lat': 52.88332}",5985918,-118.09,52.88,1523725215,27.11,55,76,2.73
619,tabiauea,ki,"{'lon': 173.027965, 'lat': 0.9182079999999999}",0,173.03,0.92,1523721600,82.4,78,75,5.82
620,takestan,ir,"{'lon': 49.6959, 'lat': 36.069599}",113491,49.7,36.07,1523721600,51.8,57,75,4.7
621,la ronge,ca,"{'lon': -105.284218, 'lat': 55.100128}",6050066,-105.28,55.1,1523721600,28.4,63,75,10.29
622,del rio,us,"{'lon': -100.896759, 'lat': 29.36273}",5520076,-100.9,29.36,1523721420,65.32,25,1,13.87
624,lebedyn,ua,"{'lon': 31.52696, 'lat': 48.962421}",703311,31.53,48.96,1523725231,51.14,54,0,9.55
626,belaya gora,ru,"{'lon': 146.416672, 'lat': 68.533333}",2126785,146.42,68.53,1523725220,-4.22,53,0,4.23
627,aksu,kz,"{'lon': 69.833328, 'lat': 42.416672}",1525462,69.83,42.42,1523723400,62.6,45,90,6.71
628,rincon,an,"{'lon': -117.840052, 'lat': 33.7415031}",0,-117.84,33.74,1523721480,68.92,29,1,3.78
629,yerbogachen,ru,"{'lon': 108.010834, 'lat': 61.276669}",2012956,108.01,61.28,1523725235,39.53,98,92,7.81
630,arauco,cl,"{'lon': -73.31752, 'lat': -37.2463}",3899462,-73.32,-37.25,1523721600,60.8,67,0,5.82
631,zdunska wola,pl,"{'lon': 18.964701, 'lat': 51.5952}",7531684,18.96,51.6,1523723400,64.4,45,0,2.24
633,solnechnyy,ru,"{'lon': 137.5, 'lat': 60.416672}",2016305,137.5,60.42,1523725237,8.48,73,0,2.21
639,coquimbo,cl,"{'lon': -71.343613, 'lat': -29.953329}",3893629,-71.34,-29.95,1523721600,60.8,72,75,2.24
640,aksha,ru,"{'lon': 113.286667, 'lat': 50.281391}",2028028,113.29,50.28,1523725238,19.37,65,0,2.77
641,carutapera,br,"{'lon': -46.02, 'lat': -1.195}",3402648,-46.02,-1.2,1523725227,79.49,97,76,3.85
642,colatina,br,"{'lon': -40.630562, 'lat': -19.53944}",3465944,-40.63,-19.54,1523725228,76.97,78,32,4.41
643,benguela,ao,"{'lon': 13.40547, 'lat': -12.57626}",3351663,13.41,-12.58,1523721600,84.2,79,75,6.93
644,xinxiang,cn,"{'lon': 113.867218, 'lat': 35.308891}",1788572,113.87,35.31,1523725229,40.07,77,0,3.33
645,meadow lake,ca,"{'lon': -108.434708, 'lat': 54.13348}",6071421,-108.43,54.13,1523721600,35.6,69,75,11.41
646,qasigiannguit,gl,"{'lon': -51.192211, 'lat': 68.81926}",3420768,-51.19,68.82,1523724600,17.6,78,75,11.41
647,monywa,mm,"{'lon': 95.133331, 'lat': 22.116671}",1308522,95.13,22.12,1523725231,73.91,79,56,2.73
648,alice springs,au,"{'lon': 133.833206, 'lat': -23.731001}",7839681,133.83,-23.73,1523723400,59.0,54,0,6.64
650,tsagveri,ge,"{'lon': 43.4814896, 'lat': 41.8012304}",0,43.48,41.8,1523725245,44.84,97,32,2.55
651,aleksandrov gay,ru,"{'lon': 48.57037, 'lat': 50.147041}",583345,48.57,50.15,1523725234,39.26,57,32,10.11
652,birjand,ir,"{'lon': 59.221142, 'lat': 32.86628}",140463,59.22,32.87,1523721600,64.4,45,0,7.92
653,enshi,cn,"{'lon': 109.48333, 'lat': 30.299999}",1811720,109.48,30.3,1523725235,43.31,100,92,2.77
654,carauari,br,"{'lon': -66.895828, 'lat': -4.88278}",3664659,-66.9,-4.88,1523725236,75.89,96,92,4.41
655,tabou,ci,"{'lon': -7.3528, 'lat': 4.42295}",2281120,-7.35,4.42,1523724964,82.64,100,0,11.61
657,portland,au,"{'lon': 141.600006, 'lat': -38.333328}",2152667,141.6,-38.33,1523725237,60.41,100,92,30.18
659,shitanjing,cn,"{'lon': 106.343887, 'lat': 39.234169}",1794971,106.34,39.23,1523725238,27.38,41,48,0.98
660,mahadday weyne,so,"{'lon': 45.5334515, 'lat': 2.9716241}",0,45.53,2.97,1523725251,78.14,94,56,6.08
661,malim,ph,"{'lon': 123.431198, 'lat': 7.452}",1958659,123.43,7.45,1523725240,82.82,100,56,5.23
662,gushikawa,jp,"{'lon': 127.868607, 'lat': 26.354441}",1863495,127.87,26.35,1523723160,75.2,94,75,14.99
663,karaul,ru,"{'lon': 83.23083489999999, 'lat': 70.070114}",0,83.23,70.07,1523725241,9.65,88,88,4.29
664,tsogni,ga,"{'lon': 10.0303723, 'lat': -2.7404898}",0,10.03,-2.74,1523725242,82.91,93,36,8.93
665,kazalinsk,kz,"{'lon': 62.0999125, 'lat': 45.7640559}",0,62.1,45.76,1523725242,52.22,43,88,18.84
666,kenai,us,"{'lon': -151.258331, 'lat': 60.55444}",5866063,-151.26,60.55,1523721360,27.48,92,1,3.36
667,deniliquin,au,"{'lon': 144.973175, 'lat': -35.529079}",7839721,144.97,-35.53,1523725256,56.9,75,92,15.41
669,vallenar,cl,"{'lon': -70.758057, 'lat': -28.570829}",3868633,-70.76,-28.57,1523725244,71.75,72,0,3.0
671,furano,jp,"{'lon': 142.3832254, 'lat': 43.3421398}",0,142.38,43.34,1523725245,31.61,98,92,2.89
672,bata,gq,"{'lon': 9.76582, 'lat': 1.8639100000000002}",2310046,9.77,1.86,1523721600,82.4,83,40,6.93
673,winnemucca,us,"{'lon': -117.73568, 'lat': 40.972961}",5710360,-117.74,40.97,1523724960,53.6,37,20,3.51
674,kranuan,th,"{'lon': 103.078781, 'lat': 16.70672}",1609430,103.08,16.71,1523721600,84.2,79,8,4.7
675,samalaeulu,ws,"{'lon': -172.3105939, 'lat': -13.4973599}",0,-172.31,-13.5,1523721600,77.0,94,75,11.27
676,norman wells,ca,"{'lon': -126.832901, 'lat': 65.282013}",6089245,-126.83,65.28,1523721600,14.0,78,75,20.8
677,san quintin,mx,"{'lon': -115.949997, 'lat': 30.48333}",3984997,-115.95,30.48,1523725249,72.56,26,0,2.89
678,itoman,jp,"{'lon': 127.669441, 'lat': 26.12472}",1861280,127.67,26.12,1523723160,75.2,94,75,13.87
679,wolgast,de,"{'lon': 13.76667, 'lat': 54.049999}",2806501,13.77,54.05,1523722800,53.6,76,75,14.99
680,sindhnur,in,"{'lon': 76.76667, 'lat': 15.78333}",1256207,76.77,15.78,1523725250,74.63,78,68,3.74
681,uribia,co,"{'lon': -72.266037, 'lat': 11.7139}",3666409,-72.27,11.71,1523725251,92.45,40,20,18.66
682,gigmoto,ph,"{'lon': 124.389999, 'lat': 13.7796}",1712961,124.39,13.78,1523725252,81.56,96,80,10.89
683,lloydminster,ca,"{'lon': -110.001572, 'lat': 53.283459}",6058024,-110.0,53.28,1523721600,32.0,99,75,18.34
685,synya,ru,"{'lon': 58.038738, 'lat': 65.371849}",485215,58.04,65.37,1523725253,31.79,90,64,11.27
686,erenhot,cn,"{'lon': 111.977943, 'lat': 43.653169}",0,111.98,43.65,1523725253,27.29,52,0,7.54
687,mount darwin,zw,"{'lon': 31.583811, 'lat': -16.772511}",885800,31.58,-16.77,1523725254,74.54,57,0,9.37
688,wolsztyn,pl,"{'lon': 16.117121, 'lat': 52.11552}",3081419,16.12,52.12,1523723400,66.2,45,0,10.29
689,feldkirchen an der donau,at,"{'lon': 14.05229, 'lat': 48.344898}",7873235,14.05,48.34,1523722800,69.8,32,12,8.05
691,meyungs,pw,"{'lon': 134.4488579, 'lat': 7.352715099999999}",0,134.45,7.35,1523721000,79.68,83,90,5.82
692,gargzdai,lt,"{'lon': 21.40333, 'lat': 55.71278}",599506,21.4,55.71,1523722800,60.8,59,0,3.36
693,saint-pierre,pm,"{'lon': -56.169491, 'lat': 46.765442}",3424934,-56.17,46.77,1523721600,37.4,86,75,24.16
694,suhl,de,"{'lon': 10.7, 'lat': 50.599998}",2824948,10.7,50.6,1523724600,62.6,51,0,8.05
695,pokrovsk-uralskiy,ru,"{'lon': 59.82534159999999, 'lat': 60.14923249999999}",0,59.83,60.15,1523725257,40.61,65,76,12.62
696,filadelfia,py,"{'lon': -60.033329, 'lat': -22.35}",3867291,-60.03,-22.35,1523725258,79.85,83,44,7.65
697,turkistan,kz,"{'lon': 68.2346884, 'lat': 43.3050854}",0,68.23,43.31,1523725258,64.64,37,48,6.24
698,cabedelo,br,"{'lon': -34.833889, 'lat': -6.98111}",3404558,-34.83,-6.98,1523725259,80.12,100,32,5.91
699,igarka,ru,"{'lon': 86.583328, 'lat': 67.466667}",1505991,86.58,67.47,1523725259,7.49,82,64,7.58
700,chaplynka,ua,"{'lon': 33.540272, 'lat': 46.36507}",710935,33.54,46.37,1523725260,52.31,57,0,12.8
701,onega,ru,"{'lon': 38.14035, 'lat': 63.906071}",515246,38.14,63.91,1523725261,37.19,78,8,7.14
702,santa barbara,mx,"{'lon': -105.816673, 'lat': 26.799999}",3984629,-105.82,26.8,1523725261,59.15,14,0,10.16
703,manokwari,id,"{'lon': 134.083328, 'lat': -0.86667}",1636308,134.08,-0.87,1523725262,81.74,100,48,6.31
704,hearst,ca,"{'lon': -83.666542, 'lat': 49.68351}",5973108,-83.67,49.68,1523725263,19.19,50,0,6.42
705,mogadishu,so,"{'lon': 45.34375, 'lat': 2.03711}",53654,45.34,2.04,1523725263,82.64,100,24,10.67
706,runkel,de,"{'lon': 8.16667, 'lat': 50.400002}",2843042,8.17,50.4,1523724600,62.78,62,40,8.05
707,tshikapa,cd,"{'lon': 20.799999, 'lat': -6.41667}",204953,20.8,-6.42,1523725265,68.96,100,100,3.4
708,fairbanks,us,"{'lon': -147.716385, 'lat': 64.837784}",5861897,-147.72,64.84,1523721480,23.02,79,40,4.9
709,doha,qa,"{'lon': 51.533333, 'lat': 25.286667}",290030,51.53,25.29,1523721600,82.4,45,0,13.87
710,hofn,is,"{'lon': -15.2082, 'lat': 64.253868}",2630299,-15.21,64.25,1523725266,42.41,98,92,5.53
711,darhan,mn,"{'lon': 109.416672, 'lat': 46.616669}",2031966,109.42,46.62,1523725267,29.99,65,0,8.93
714,merrill,us,"{'lon': -89.683456, 'lat': 45.180519}",5262680,-89.68,45.18,1523722500,26.85,54,92,14.99
715,wilmington,us,"{'lon': -75.546593, 'lat': 39.745949}",4145381,-75.55,39.75,1523722500,76.32,41,1,6.93
720,inhambane,mz,"{'lon': 35.383331, 'lat': -23.865}",1045114,35.38,-23.86,1523725268,74.72,95,0,10.27
721,victoria,ro,"{'lon': 24.683331, 'lat': 45.73333}",662986,24.68,45.73,1523723400,69.8,43,0,5.82
724,hohhot,cn,"{'lon': 111.652222, 'lat': 40.810558}",2036892,111.65,40.81,1523721600,33.8,50,0,4.47
725,balabac,ph,"{'lon': 117.064499, 'lat': 7.9868}",1728675,117.06,7.99,1523725270,83.81,98,0,9.89
726,the valley,ai,"{'lon': -63.057831, 'lat': 18.217039}",3573374,-63.06,18.22,1523721600,79.74,74,40,16.11
727,sept-iles,ca,"{'lon': -66.38208, 'lat': 50.200111}",6144312,-66.38,50.2,1523721600,19.4,34,20,23.04
728,port said,eg,"{'lon': 32.284119, 'lat': 31.25654}",358619,32.28,31.26,1523721600,73.4,60,0,6.93
729,dawson creek,ca,"{'lon': -120.23616, 'lat': 55.766602}",5935804,-120.24,55.77,1523721600,39.94,56,1,14.99
730,toliary,mg,"{'lon': 43.6854936, 'lat': -23.3516191}",0,43.69,-23.35,1523725272,79.58,76,24,7.65
731,camopi,gf,"{'lon': -52.31575, 'lat': 3.16548}",3382226,-52.32,3.17,1523725273,76.25,95,92,3.85
732,krasnoarmeysk,kz,"{'lon': 52.1499999, 'lat': 51.433333}",0,52.15,51.43,1523721600,39.2,60,0,6.71
733,viking,ca,"{'lon': -111.76844, 'lat': 53.10014}",6174254,-111.77,53.1,1523725274,35.66,92,36,9.33
735,nelson bay,au,"{'lon': 152.149994, 'lat': -32.716671}",2155562,152.15,-32.72,1523723400,68.0,45,0,14.99
736,lavrentiya,ru,"{'lon': -171, 'lat': 65.583328}",4031637,-171.0,65.58,1523725275,20.99,100,68,20.67
737,salym,ru,"{'lon': 71.478889, 'lat': 60.0625}",1493162,71.48,60.06,1523725276,31.79,80,88,11.95
738,hwange,zw,"{'lon': 26.50194, 'lat': -18.36927}",889942,26.5,-18.37,1523725277,76.16,53,0,7.36
739,kaeo,nz,"{'lon': 173.783325, 'lat': -35.099998}",2189343,173.78,-35.1,1523725277,62.3,91,0,8.88
740,labuan,my,"{'lon': 115.199997, 'lat': 5.33333}",1734240,115.2,5.33,1523723400,80.6,94,75,1.12
741,xingyi,cn,"{'lon': 104.895467, 'lat': 25.09204}",0,104.9,25.09,1523725278,51.86,84,76,6.8
742,basco,ph,"{'lon': 121.98333, 'lat': 20.450001}",1726451,121.98,20.45,1523725279,80.84,98,20,12.91
744,conway,us,"{'lon': -92.442101, 'lat': 35.088699}",4106458,-92.44,35.09,1523723700,53.11,66,90,10.29
750,bowen,au,"{'lon': 148.233337, 'lat': -20.01667}",2174444,148.23,-20.02,1523721600,71.6,94,90,6.93
751,pavlovka,ru,"{'lon': 56.55426, 'lat': 55.42094}",512109,56.55,55.42,1523725280,27.11,88,0,6.35
755,leeton,au,"{'lon': 146.399994, 'lat': -34.566669}",2160413,146.4,-34.57,1523725281,58.07,65,92,16.98
